{
    "acc": {
        "acc_man_no_feminitive": 0.7259098623001926,
        "acc_woman_no_feminitive": 0.7209872614816273,
        "acc_woman_feminitive": 0.7053756109817253,
        "acc_diff_feminitive": 0.6509708017111781,
        "acc_diff_no_feminitive": 0.6483701108000713
    }
  }
  
  
  