{
    "acc": {
        "acc_man_no_feminitive": 0.7090811172619337,
        "acc_woman_no_feminitive": 0.745240177293461,
        "acc_woman_feminitive": 0.7351003591723914,
        "acc_diff_feminitive": 0.2870195666142533,
        "acc_diff_no_feminitive": 0.240018881524732
    }
  }
  
  
  