{
    "acc": {
        "acc_man_no_feminitive": 0.7908608112239182,
        "acc_woman_no_feminitive": 0.7780018743117263,
        "acc_woman_feminitive": 0.7222907164009213,
        "acc_diff_feminitive": 0.6709015781317263,
        "acc_diff_no_feminitive": 0.7090881672736251
    }
  }
  
  
  