{
    "acc": {
        "acc_man_no_feminitive": 0.6329168524661529,
        "acc_woman_no_feminitive": 0.6218951316988812,
        "acc_woman_feminitive": 0.636190181619732,
        "acc_diff_feminitive": 0.6670514781811426,
        "acc_diff_no_feminitive": 0.6681981436198207
    }
  }
  
  
  