{
    "acc": {
        "acc_man_no_feminitive": 0.7156200278188714,
        "acc_woman_no_feminitive": 0.654293589661421,
        "acc_woman_feminitive": 0.6670091774119623,
        "acc_diff_feminitive": 0.8070122718200173,
        "acc_diff_no_feminitive": 0.8490131679120016
    }
  }
  
  
  