{
    "acc": {
        "acc_man_no_feminitive": 0.8255099817552631,
        "acc_woman_no_feminitive": 0.8077511101532894,
        "acc_woman_feminitive": 0.7599001872153261,
        "acc_diff_feminitive": 0.8890191817263419,
        "acc_diff_no_feminitive": 0.8895344200189253
    }
  }
  
  
  