{
    "acc": {
        "acc_man_no_feminitive": 0.834194070885247,
        "acc_woman_no_feminitive": 0.8106699927176344,
        "acc_woman_feminitive": 0.7569100918885262,
        "acc_diff_feminitive": 0.8518018821716294,
        "acc_diff_no_feminitive": 0.8830131266417266
    }
  }
  
  
  