{
  "acc": {
      "acc_man_no_feminitive": 0.8102667189021952,
      "acc_woman_no_feminitive": 0.8001901033612788,
      "acc_woman_feminitive": 0.8179219523148271,
      "acc_diff_feminitive": 0.85562900715238,
      "acc_diff_no_feminitive": 0.8679915162784427
  }
}


