{
    "acc": {
        "acc_man_no_feminitive": 0.762841530054645,
        "acc_woman_no_feminitive": 0.7801578354002255,
        "acc_woman_feminitive": 0.7653508771929826,
        "acc_diff_feminitive": 0.9414285714285714,
        "acc_diff_no_feminitive": 0.9485714285714286
    }
}