{
    "diff": {
        "mean_diff_f": 0.027127449731289943,
        "mean_diff_nf": 0.0294871400884548,
        "prob_f1_diff_feminitive": 0.7171428571428572,
        "prob_f1_diff_no_feminitive": 0.7714285714285715
    }
}