{
    "acc": {
        "acc_man_no_feminitive": 0.6090823714114256,
        "acc_woman_no_feminitive": 0.6809815293914266,
        "acc_woman_feminitive": 0.6561784581194351,
        "acc_diff_feminitive": 0.7628935129136627,
        "acc_diff_no_feminitive": 0.7702981801550131
    }
}