{
    "acc": {
        "acc_man_no_feminitive": 0.6909822561174229,
        "acc_woman_no_feminitive": 0.7809189114991401,
        "acc_woman_feminitive": 0.7790138849511183,
        "acc_diff_feminitive": 0.7129831556734199,
        "acc_diff_no_feminitive": 0.7599801417551723
    }
}



