{
    "acc": {
        "acc_man_no_feminitive": 0.9063728887192413,
        "acc_woman_no_feminitive": 0.9119087751488243,
        "acc_woman_feminitive": 0.9370051556283153,
        "acc_diff_feminitive": 0.092388815428911,
        "acc_diff_no_feminitive": 0.0881762912631821
    }
  }
  
  
  