{
    "acc": {
        "acc_man_no_feminitive": 0.6666666666666666,
        "acc_woman_no_feminitive": 0.6685768863419294,
        "acc_woman_feminitive": 0.667302192564347,
        "acc_diff_feminitive": 0.9985714285714286,
        "acc_diff_no_feminitive": 0.9957142857142857
    }
}