{
    "acc": {
        "acc_man_no_feminitive": 0.6666666666666666,
        "acc_woman_no_feminitive": 0.667302192564347,
        "acc_woman_feminitive": 0.6666666666666666,
        "acc_diff_feminitive": 1.0,
        "acc_diff_no_feminitive": 0.9985714285714286
    }
}